날짜,종가,오픈,고가,저가,거래량,변동 %
2022년 05월 05일,"4,152.38","4,255.50","4,256.39","4,105.51",-,-3.44%
2022년 05월 04일,"4,300.17","4,181.18","4,307.66","4,148.91",-,2.99%
2022년 05월 03일,"4,175.48","4,159.78","4,200.10","4,147.08",-,0.48%
2022년 05월 02일,"4,155.38","4,130.61","4,169.81","4,062.51",-,0.57%
2022년 04월 29일,"4,131.93","4,253.75","4,269.68","4,124.28",-,-3.63%
2022년 04월 28일,"4,287.50","4,222.58","4,308.45","4,188.63",-,2.47%
2022년 04월 27일,"4,183.96","4,186.52","4,240.71","4,162.90",-,0.21%
2022년 04월 26일,"4,175.20","4,278.14","4,278.14","4,175.04",-,-2.81%
2022년 04월 25일,"4,296.12","4,255.34","4,299.02","4,200.82",-,0.57%
2022년 04월 22일,"4,271.78","4,385.83","4,385.83","4,267.62",-,-2.77%
2022년 04월 21일,"4,393.66","4,489.17","4,512.94","4,384.47",-,-1.48%
2022년 04월 20일,"4,459.45","4,472.26","4,488.29","4,448.76",-,-0.06%
2022년 04월 19일,"4,462.21","4,390.63","4,471.03","4,390.63",-,1.61%
2022년 04월 18일,"4,391.69","4,385.63","4,410.31","4,370.30",-,-0.02%
2022년 04월 14일,"4,392.59","4,449.12","4,460.46","4,390.77",-,-1.21%
2022년 04월 13일,"4,446.59","4,394.30","4,453.92","4,392.70",-,1.12%
2022년 04월 12일,"4,397.45","4,437.59","4,471.00","4,381.34",-,-0.34%
2022년 04월 11일,"4,412.53","4,462.64","4,464.35","4,408.38",-,-1.69%
2022년 04월 08일,"4,488.28","4,494.15","4,520.41","4,474.60",-,-0.27%
2022년 04월 07일,"4,500.21","4,474.65","4,521.16","4,450.30",-,0.43%
2022년 04월 06일,"4,481.15","4,494.17","4,503.94","4,450.04",-,-0.97%
2022년 04월 05일,"4,525.12","4,572.45","4,593.45","4,514.17",-,-1.26%
2022년 04월 04일,"4,582.64","4,547.97","4,583.50","4,539.21",-,0.81%
2022년 04월 01일,"4,545.86","4,540.32","4,548.70","4,507.57",-,0.34%
2022년 03월 31일,"4,530.41","4,599.02","4,603.07","4,530.41",-,-1.57%
2022년 03월 30일,"4,602.45","4,624.20","4,627.77","4,581.32",-,-0.63%
2022년 03월 29일,"4,631.60","4,602.86","4,637.30","4,589.66",-,1.23%
2022년 03월 28일,"4,575.52","4,541.09","4,575.65","4,517.69",-,0.71%
2022년 03월 25일,"4,543.04","4,522.91","4,546.03","4,501.07",-,0.51%
2022년 03월 24일,"4,520.16","4,469.98","4,520.58","4,465.17",-,1.43%
2022년 03월 23일,"4,456.23","4,493.10","4,501.07","4,455.81",-,-1.23%
2022년 03월 22일,"4,511.61","4,469.10","4,522.00","4,469.10",-,1.13%
2022년 03월 21일,"4,461.18","4,462.40","4,481.75","4,424.30",-,-0.04%
2022년 03월 18일,"4,463.09","4,407.34","4,465.40","4,390.57",-,1.17%
2022년 03월 17일,"4,411.67","4,345.11","4,412.67","4,335.65",-,1.23%
2022년 03월 16일,"4,357.95","4,288.14","4,358.90","4,251.99",-,2.24%
2022년 03월 15일,"4,262.45","4,188.82","4,271.05","4,187.90",-,2.14%
2022년 03월 14일,"4,173.11","4,202.75","4,247.57","4,161.72",-,-0.74%
2022년 03월 11일,"4,204.31","4,279.50","4,291.01","4,200.49",-,-1.30%
2022년 03월 10일,"4,259.52","4,252.55","4,268.28","4,209.80",-,-0.43%
2022년 03월 09일,"4,277.88","4,223.10","4,299.40","4,223.10",-,2.57%
2022년 03월 08일,"4,170.62","4,202.66","4,276.94","4,157.87",-,-0.73%
2022년 03월 07일,"4,201.09","4,327.01","4,327.01","4,199.85",-,-2.95%
2022년 03월 04일,"4,328.87","4,342.12","4,342.12","4,284.98",-,-0.79%
2022년 03월 03일,"4,363.49","4,401.31","4,416.78","4,350.37",-,-0.53%
2022년 03월 02일,"4,386.54","4,322.56","4,401.48","4,322.56",-,1.86%
2022년 03월 01일,"4,306.26","4,363.14","4,378.45","4,279.54",-,-1.54%
2022년 02월 28일,"4,373.79","4,354.17","4,388.84","4,315.12",-,-0.25%
2022년 02월 25일,"4,384.62","4,298.38","4,385.34","4,286.83",-,2.24%
2022년 02월 24일,"4,288.70","4,155.77","4,294.73","4,114.65",-,1.50%
2022년 02월 23일,"4,225.50","4,324.93","4,341.51","4,221.51",-,-1.84%
2022년 02월 22일,"4,304.74","4,332.74","4,362.12","4,267.11",-,-1.01%
2022년 02월 18일,"4,348.87","4,384.57","4,394.60","4,327.22",-,-0.72%
2022년 02월 17일,"4,380.26","4,456.06","4,456.06","4,373.81",-,-2.12%
2022년 02월 16일,"4,475.01","4,455.75","4,489.55","4,429.68",-,0.09%
2022년 02월 15일,"4,471.07","4,429.28","4,472.77","4,429.28",-,1.58%
2022년 02월 14일,"4,401.67","4,412.61","4,426.22","4,364.84",-,-0.38%
2022년 02월 11일,"4,418.64","4,506.27","4,526.33","4,401.41",-,-1.90%
2022년 02월 10일,"4,504.06","4,553.24","4,588.92","4,484.31",-,-1.81%
2022년 02월 09일,"4,587.18","4,547.00","4,590.03","4,547.00",-,1.45%
2022년 02월 08일,"4,521.54","4,480.02","4,531.32","4,465.40",-,0.84%
2022년 02월 07일,"4,483.87","4,505.75","4,521.86","4,471.47",-,-0.37%
2022년 02월 04일,"4,500.54","4,482.79","4,539.66","4,451.50",-,0.52%
2022년 02월 03일,"4,477.44","4,535.41","4,542.88","4,470.39",-,-2.44%
2022년 02월 02일,"4,589.32","4,566.39","4,595.31","4,544.32",-,0.94%
2022년 02월 01일,"4,546.54","4,519.57","4,550.49","4,483.53",-,0.69%
2022년 01월 31일,"4,515.55","4,431.79","4,516.89","4,414.02",-,1.89%
2022년 01월 28일,"4,431.85","4,336.19","4,432.72","4,292.46",-,2.43%
2022년 01월 27일,"4,326.50","4,380.58","4,428.74","4,309.50",-,-0.54%
2022년 01월 26일,"4,349.93","4,408.43","4,453.23","4,304.80",-,-0.15%
2022년 01월 25일,"4,356.45","4,366.64","4,411.01","4,287.11",-,-1.22%
2022년 01월 24일,"4,410.13","4,356.32","4,417.35","4,222.62",-,0.28%
2022년 01월 21일,"4,397.93","4,471.38","4,494.52","4,395.34",-,-1.89%
2022년 01월 20일,"4,482.73","4,547.35","4,602.11","4,477.95",-,-1.10%
2022년 01월 19일,"4,532.76","4,588.03","4,611.55","4,530.20",-,-0.97%
2022년 01월 18일,"4,577.34","4,632.24","4,632.24","4,568.70",-,-1.83%
2022년 01월 14일,"4,662.85","4,637.99","4,665.13","4,614.75",-,0.08%
2022년 01월 13일,"4,659.02","4,733.56","4,744.13","4,650.29",-,-1.42%
2022년 01월 12일,"4,726.35","4,728.59","4,748.83","4,706.71",-,0.28%
2022년 01월 11일,"4,713.07","4,669.14","4,714.13","4,638.27",-,0.92%
2022년 01월 10일,"4,670.29","4,655.34","4,673.02","4,582.24",-,-0.14%
2022년 01월 07일,"4,677.02","4,697.66","4,707.95","4,662.74",-,-0.41%
2022년 01월 06일,"4,696.05","4,693.39","4,725.01","4,671.26",-,-0.10%
2022년 01월 05일,"4,700.58","4,787.99","4,797.70","4,699.44",-,-1.94%
2022년 01월 04일,"4,793.54","4,804.51","4,818.62","4,774.27",-,-0.06%
2022년 01월 03일,"4,796.56","4,778.14","4,796.64","4,758.17",-,0.64%
2021년 12월 31일,"4,766.18","4,775.21","4,786.83","4,765.75",-,-0.26%
2021년 12월 30일,"4,778.73","4,794.23","4,808.93","4,775.33",-,-0.30%
2021년 12월 29일,"4,793.06","4,788.64","4,804.06","4,778.08",-,0.14%
2021년 12월 28일,"4,786.36","4,795.49","4,807.02","4,780.04",-,-0.10%
2021년 12월 27일,"4,791.19","4,733.99","4,791.49","4,733.99",-,1.38%
2021년 12월 23일,"4,725.78","4,703.96","4,740.74","4,703.96",-,0.62%
2021년 12월 22일,"4,696.56","4,650.36","4,697.67","4,645.53",-,1.02%
2021년 12월 21일,"4,649.23","4,594.96","4,651.14","4,583.16",-,1.78%
2021년 12월 20일,"4,568.02","4,587.90","4,587.90","4,531.10",-,-1.14%
2021년 12월 17일,"4,620.64","4,652.50","4,666.70","4,600.22",-,-1.03%
2021년 12월 16일,"4,668.67","4,719.13","4,731.99","4,651.89",-,-0.87%
2021년 12월 15일,"4,709.84","4,636.46","4,712.60","4,611.22",-,1.63%
2021년 12월 14일,"4,634.09","4,642.99","4,660.47","4,606.52",-,-0.75%
2021년 12월 13일,"4,669.15","4,710.30","4,710.30","4,667.60",-,-0.91%
2021년 12월 10일,"4,712.02","4,687.64","4,713.57","4,670.24",-,0.95%
2021년 12월 09일,"4,667.45","4,691.00","4,695.26","4,665.98",-,-0.72%
2021년 12월 08일,"4,701.21","4,690.86","4,705.06","4,674.52",-,0.31%
2021년 12월 07일,"4,686.75","4,631.97","4,694.04","4,631.97",-,2.07%
2021년 12월 06일,"4,591.67","4,548.37","4,612.60","4,540.51",-,1.17%
2021년 12월 03일,"4,538.43","4,589.49","4,608.03","4,495.12",-,-0.84%
2021년 12월 02일,"4,577.10","4,504.73","4,595.46","4,504.73",-,1.42%
2021년 12월 01일,"4,513.04","4,602.82","4,652.94","4,510.27",-,-1.18%
2021년 11월 30일,"4,567.00","4,640.25","4,646.02","4,560.00",-,-1.90%
2021년 11월 29일,"4,655.27","4,628.75","4,672.95","4,625.26",-,1.32%
2021년 11월 26일,"4,594.62","4,664.63","4,664.63","4,585.43",-,-2.27%
2021년 11월 24일,"4,701.46","4,675.78","4,702.87","4,659.89",-,0.23%
2021년 11월 23일,"4,690.70","4,678.48","4,699.39","4,652.66",-,0.17%
2021년 11월 22일,"4,682.95","4,712.00","4,743.83","4,682.17",-,-0.32%
2021년 11월 19일,"4,697.96","4,708.44","4,717.75","4,694.22",-,-0.18%
2021년 11월 18일,"4,706.64","4,700.72","4,708.75","4,672.78",-,0.38%
2021년 11월 17일,"4,688.67","4,701.50","4,701.50","4,684.41",-,-0.26%
2021년 11월 16일,"4,700.90","4,679.42","4,714.95","4,679.42",-,0.39%
2021년 11월 15일,"4,682.81","4,689.30","4,697.42","4,672.86",-,0.00%
2021년 11월 12일,"4,682.85","4,655.24","4,688.47","4,650.77",-,0.72%
2021년 11월 11일,"4,649.27","4,659.39","4,664.55","4,648.31",-,0.06%
2021년 11월 10일,"4,646.71","4,670.26","4,684.85","4,630.86",-,-0.82%
2021년 11월 09일,"4,685.25","4,707.25","4,708.53","4,670.87",-,-0.35%
2021년 11월 08일,"4,701.70","4,701.48","4,714.92","4,694.39",-,0.09%
2021년 11월 05일,"4,697.53","4,699.26","4,718.50","4,681.32",-,0.37%
2021년 11월 04일,"4,680.06","4,662.93","4,683.00","4,662.59",-,0.42%
2021년 11월 03일,"4,660.57","4,630.65","4,663.46","4,621.19",-,0.65%
2021년 11월 02일,"4,630.65","4,613.34","4,635.15","4,613.34",-,0.37%
2021년 11월 01일,"4,613.67","4,610.62","4,620.34","4,595.06",-,0.18%
2021년 10월 29일,"4,605.38","4,572.87","4,608.08","4,567.59",-,0.19%
2021년 10월 28일,"4,596.42","4,562.84","4,597.55","4,562.84",-,0.98%
2021년 10월 27일,"4,551.68","4,580.22","4,584.57","4,551.66",-,-0.51%
2021년 10월 26일,"4,574.79","4,578.69","4,598.53","4,569.17",-,0.18%
2021년 10월 25일,"4,566.48","4,553.69","4,572.62","4,537.36",-,0.47%
2021년 10월 22일,"4,544.90","4,546.12","4,559.67","4,524.00",-,-0.11%
2021년 10월 21일,"4,549.78","4,532.24","4,551.44","4,526.89",-,0.30%
2021년 10월 20일,"4,536.19","4,524.42","4,540.87","4,524.40",-,0.37%
2021년 10월 19일,"4,519.63","4,497.34","4,520.40","4,496.41",-,0.74%
2021년 10월 18일,"4,486.48","4,463.72","4,488.75","4,447.47",-,0.34%
2021년 10월 15일,"4,471.37","4,447.69","4,475.82","4,447.69",-,0.75%
2021년 10월 14일,"4,438.23","4,386.75","4,439.73","4,386.75",-,1.71%
2021년 10월 13일,"4,363.80","4,358.01","4,372.87","4,329.92",-,0.30%
2021년 10월 12일,"4,350.64","4,368.31","4,374.89","4,342.09",-,-0.24%
2021년 10월 11일,"4,361.19","4,385.44","4,415.88","4,360.59",-,-0.69%
2021년 10월 08일,"4,391.36","4,406.51","4,412.02","4,386.22",-,-0.19%
2021년 10월 07일,"4,399.76","4,383.73","4,429.97","4,383.73",-,0.83%
2021년 10월 06일,"4,363.55","4,319.57","4,365.57","4,290.49",-,0.41%
2021년 10월 05일,"4,345.72","4,309.87","4,369.23","4,309.87",-,1.05%
2021년 10월 04일,"4,300.46","4,348.84","4,355.51","4,278.94",-,-1.30%
2021년 10월 01일,"4,357.05","4,317.16","4,375.19","4,288.52",-,1.15%
2021년 09월 30일,"4,307.54","4,370.67","4,382.55","4,306.24",-,-1.19%
2021년 09월 29일,"4,359.46","4,362.41","4,385.57","4,355.08",-,0.16%
2021년 09월 28일,"4,352.63","4,419.54","4,419.54","4,346.33",-,-2.04%
2021년 09월 27일,"4,443.11","4,442.12","4,457.30","4,436.19",-,-0.28%
2021년 09월 24일,"4,455.48","4,438.04","4,463.12","4,430.27",-,0.15%
2021년 09월 23일,"4,448.98","4,406.75","4,465.40","4,406.75",-,1.21%
2021년 09월 22일,"4,395.64","4,367.43","4,416.75","4,367.43",-,0.95%
2021년 09월 21일,"4,354.18","4,374.45","4,394.87","4,347.96",-,-0.08%
2021년 09월 20일,"4,357.73","4,402.95","4,402.95","4,305.91",-,-1.70%
2021년 09월 17일,"4,432.99","4,469.74","4,471.52","4,427.76",-,-0.91%
2021년 09월 16일,"4,473.76","4,477.09","4,485.87","4,443.80",-,-0.15%
2021년 09월 15일,"4,480.70","4,447.49","4,486.87","4,438.37",-,0.85%
2021년 09월 14일,"4,443.05","4,479.33","4,485.68","4,435.46",-,-0.57%
2021년 09월 13일,"4,468.73","4,474.81","4,492.99","4,445.70",-,0.23%
2021년 09월 10일,"4,458.58","4,506.92","4,520.47","4,457.66",-,-0.77%
2021년 09월 09일,"4,493.28","4,513.02","4,529.90","4,492.07",-,-0.46%
2021년 09월 08일,"4,514.07","4,518.09","4,521.79","4,493.95",-,-0.13%
2021년 09월 07일,"4,520.03","4,535.38","4,535.38","4,513.00",-,-0.34%
2021년 09월 03일,"4,535.43","4,532.42","4,541.45","4,521.30",-,-0.03%
2021년 09월 02일,"4,536.95","4,534.48","4,545.85","4,524.66",-,0.28%
2021년 09월 01일,"4,524.09","4,528.80","4,537.11","4,522.02",-,0.03%
2021년 08월 31일,"4,522.68","4,529.75","4,531.39","4,515.80",-,-0.13%
2021년 08월 30일,"4,528.79","4,513.76","4,537.36","4,513.76",-,0.43%
2021년 08월 27일,"4,509.37","4,474.10","4,513.33","4,474.10",-,0.88%
2021년 08월 26일,"4,469.91","4,493.75","4,495.90","4,468.99",-,-0.58%
2021년 08월 25일,"4,496.19","4,490.45","4,501.71","4,485.66",-,0.22%
2021년 08월 24일,"4,486.23","4,484.40","4,492.81","4,482.28",-,0.15%
2021년 08월 23일,"4,479.54","4,450.29","4,489.88","4,450.29",-,0.85%
2021년 08월 20일,"4,441.67","4,410.56","4,444.35","4,406.80",-,0.81%
2021년 08월 19일,"4,405.80","4,382.44","4,418.61","4,367.73",-,0.13%
2021년 08월 18일,"4,400.27","4,440.94","4,454.32","4,397.59",-,-1.07%
2021년 08월 17일,"4,448.08","4,462.12","4,462.12","4,417.83",-,-0.70%
2021년 08월 16일,"4,479.66","4,461.65","4,480.26","4,437.66",-,0.26%
2021년 08월 13일,"4,468.00","4,464.84","4,468.37","4,460.82",-,0.16%
2021년 08월 12일,"4,460.84","4,446.08","4,461.77","4,435.96",-,0.30%
2021년 08월 11일,"4,447.70","4,442.18","4,449.44","4,436.42",-,0.25%
2021년 08월 10일,"4,436.75","4,435.79","4,445.21","4,430.03",-,0.10%
2021년 08월 09일,"4,432.35","4,437.77","4,439.39","4,424.74",-,-0.09%
2021년 08월 06일,"4,436.52","4,429.07","4,440.82","4,429.07",-,0.17%
2021년 08월 05일,"4,429.10","4,408.86","4,429.76","4,408.86",-,0.60%
2021년 08월 04일,"4,402.68","4,415.95","4,416.17","4,400.23",-,-0.46%
2021년 08월 03일,"4,423.15","4,392.74","4,423.79","4,373.00",-,0.82%
2021년 08월 02일,"4,387.11","4,406.86","4,422.18","4,384.81",-,-0.19%
2021년 07월 30일,"4,395.26","4,395.12","4,412.25","4,389.65",-,-0.54%
2021년 07월 29일,"4,419.15","4,403.59","4,429.97","4,403.59",-,0.42%
2021년 07월 28일,"4,400.65","4,402.95","4,415.47","4,387.01",-,-0.02%
2021년 07월 27일,"4,401.46","4,416.38","4,416.38","4,372.51",-,-0.47%
2021년 07월 26일,"4,422.23","4,409.58","4,422.73","4,405.45",-,0.24%
2021년 07월 23일,"4,411.80","4,381.20","4,415.18","4,381.20",-,1.01%
2021년 07월 22일,"4,367.48","4,361.27","4,369.31","4,350.06",-,0.20%
2021년 07월 21일,"4,358.69","4,331.13","4,359.70","4,331.13",-,0.82%
2021년 07월 20일,"4,323.21","4,265.11","4,336.84","4,262.05",-,1.52%
2021년 07월 19일,"4,258.63","4,296.40","4,296.40","4,233.13",-,-1.58%
2021년 07월 16일,"4,327.16","4,367.43","4,375.09","4,322.53",-,-0.75%
2021년 07월 15일,"4,360.03","4,369.02","4,369.02","4,340.70",-,-0.33%
2021년 07월 14일,"4,374.30","4,380.11","4,393.68","4,362.36",-,0.12%
2021년 07월 13일,"4,369.21","4,381.07","4,392.37","4,366.92",-,-0.35%
2021년 07월 12일,"4,384.63","4,372.41","4,386.68","4,364.03",-,0.35%
2021년 07월 09일,"4,369.55","4,329.38","4,371.60","4,329.38",-,1.13%
2021년 07월 08일,"4,320.82","4,321.07","4,330.88","4,289.37",-,-0.86%
2021년 07월 07일,"4,358.13","4,351.01","4,361.88","4,329.79",-,0.34%
2021년 07월 06일,"4,343.54","4,356.46","4,356.46","4,314.37",-,-0.20%
2021년 07월 02일,"4,352.34","4,326.60","4,355.43","4,326.60",-,0.75%
2021년 07월 01일,"4,319.94","4,300.73","4,320.66","4,300.73",-,0.52%
2021년 06월 30일,"4,297.50","4,290.65","4,302.43","4,287.96",-,0.13%
2021년 06월 29일,"4,291.80","4,293.21","4,300.52","4,287.04",-,0.03%
2021년 06월 28일,"4,290.61","4,284.90","4,292.14","4,274.67",-,0.23%
2021년 06월 25일,"4,280.70","4,274.45","4,286.12","4,271.16",-,0.33%
2021년 06월 24일,"4,266.49","4,256.97","4,271.28","4,256.97",-,0.58%
2021년 06월 23일,"4,241.84","4,249.27","4,256.60","4,241.43",-,-0.11%
2021년 06월 22일,"4,246.44","4,224.61","4,255.84","4,217.27",-,0.51%
2021년 06월 21일,"4,224.79","4,173.40","4,226.24","4,173.40",-,1.40%
2021년 06월 18일,"4,166.45","4,204.78","4,204.78","4,164.40",-,-1.31%
2021년 06월 17일,"4,221.86","4,220.37","4,232.29","4,196.05",-,-0.04%
2021년 06월 16일,"4,223.70","4,248.87","4,251.89","4,202.45",-,-0.54%
2021년 06월 15일,"4,246.59","4,255.28","4,257.16","4,238.35",-,-0.20%
2021년 06월 14일,"4,255.15","4,248.31","4,255.59","4,234.07",-,0.18%
2021년 06월 11일,"4,247.44","4,242.90","4,248.38","4,232.25",-,0.19%
2021년 06월 10일,"4,239.18","4,228.56","4,249.74","4,220.34",-,0.47%
2021년 06월 09일,"4,219.55","4,232.99","4,237.09","4,218.74",-,-0.18%
2021년 06월 08일,"4,227.26","4,233.81","4,236.74","4,208.41",-,0.02%
2021년 06월 07일,"4,226.52","4,229.34","4,232.34","4,215.66",-,-0.08%
2021년 06월 04일,"4,229.89","4,206.05","4,233.45","4,206.05",-,0.88%
2021년 06월 03일,"4,192.85","4,191.43","4,204.39","4,167.93",-,-0.36%
2021년 06월 02일,"4,208.12","4,206.82","4,217.37","4,198.27",-,0.14%
2021년 06월 01일,"4,202.04","4,216.52","4,234.12","4,197.59",-,-0.05%
2021년 05월 28일,"4,204.11","4,210.77","4,218.36","4,203.57",-,0.08%
2021년 05월 27일,"4,200.88","4,201.94","4,213.38","4,197.78",-,0.12%
2021년 05월 26일,"4,195.99","4,191.59","4,202.61","4,184.11",-,0.19%
2021년 05월 25일,"4,188.13","4,205.94","4,213.42","4,182.52",-,-0.21%
2021년 05월 24일,"4,197.05","4,170.16","4,209.52","4,170.16",-,0.99%
2021년 05월 21일,"4,155.86","4,168.61","4,188.72","4,151.72",-,-0.08%
2021년 05월 20일,"4,159.12","4,121.97","4,172.80","4,121.97",-,1.06%
2021년 05월 19일,"4,115.68","4,098.45","4,116.93","4,061.41",-,-0.29%
2021년 05월 18일,"4,127.83","4,165.94","4,169.15","4,125.99",-,-0.85%
2021년 05월 17일,"4,163.29","4,169.92","4,171.92","4,142.69",-,-0.25%
2021년 05월 14일,"4,173.85","4,129.58","4,183.13","4,129.58",-,1.49%
2021년 05월 13일,"4,112.50","4,074.99","4,131.58","4,074.99",-,1.22%
2021년 05월 12일,"4,063.04","4,130.55","4,134.73","4,056.88",-,-2.14%
2021년 05월 11일,"4,152.10","4,150.34","4,162.04","4,111.53",-,-0.87%
2021년 05월 10일,"4,188.43","4,228.29","4,236.39","4,188.13",-,-1.04%
2021년 05월 07일,"4,232.60","4,210.34","4,238.04","4,201.64",-,0.74%
2021년 05월 06일,"4,201.62","4,169.14","4,202.70","4,147.33",-,0.82%
2021년 05월 05일,"4,167.59","4,177.06","4,187.72","4,160.94",-,0.07%
2021년 05월 04일,"4,164.66","4,179.04","4,179.04","4,128.59",-,-0.67%
2021년 05월 03일,"4,192.66","4,191.98","4,209.39","4,188.03",-,0.27%
2021년 04월 30일,"4,181.17","4,198.10","4,198.10","4,174.85",-,-0.72%
2021년 04월 29일,"4,211.47","4,206.14","4,218.78","4,176.81",-,0.68%
2021년 04월 28일,"4,183.18","4,185.14","4,201.53","4,181.78",-,-0.08%
2021년 04월 27일,"4,186.72","4,188.25","4,193.35","4,176.22",-,-0.02%
2021년 04월 26일,"4,187.62","4,185.03","4,194.19","4,182.36",-,0.18%
2021년 04월 23일,"4,180.17","4,138.78","4,194.17","4,138.78",-,1.09%
2021년 04월 22일,"4,134.98","4,170.46","4,179.57","4,123.69",-,-0.92%
2021년 04월 21일,"4,173.42","4,128.42","4,175.02","4,126.35",-,0.93%
2021년 04월 20일,"4,134.94","4,159.18","4,159.18","4,118.38",-,-0.68%
2021년 04월 19일,"4,163.26","4,179.80","4,180.81","4,150.47",-,-0.53%
2021년 04월 16일,"4,185.47","4,174.14","4,191.31","4,170.75",-,0.36%
2021년 04월 15일,"4,170.42","4,139.76","4,173.49","4,139.76",-,1.11%
2021년 04월 14일,"4,124.66","4,141.58","4,151.69","4,120.87",-,-0.41%
2021년 04월 13일,"4,141.59","4,130.10","4,148.00","4,124.43",-,0.33%
2021년 04월 12일,"4,127.99","4,124.71","4,131.76","4,114.82",-,-0.02%
2021년 04월 09일,"4,128.80","4,096.11","4,129.48","4,095.51",-,0.77%
2021년 04월 08일,"4,097.17","4,089.95","4,098.19","4,082.54",-,0.42%
2021년 04월 07일,"4,079.95","4,074.29","4,083.13","4,068.31",-,0.15%
2021년 04월 06일,"4,073.94","4,075.57","4,086.23","4,068.14",-,-0.10%
2021년 04월 05일,"4,077.91","4,034.44","4,083.42","4,034.44",-,1.44%
2021년 04월 01일,"4,019.87","3,992.78","4,020.63","3,992.78",-,1.18%
2021년 03월 31일,"3,972.89","3,967.25","3,994.41","3,966.98",-,0.36%
2021년 03월 30일,"3,958.55","3,963.34","3,968.01","3,944.35",-,-0.32%
2021년 03월 29일,"3,971.09","3,969.31","3,981.83","3,943.25",-,-0.09%
2021년 03월 26일,"3,974.54","3,917.12","3,978.19","3,917.12",-,1.66%
2021년 03월 25일,"3,909.52","3,879.34","3,919.54","3,853.50",-,0.52%
2021년 03월 24일,"3,889.14","3,919.93","3,942.08","3,889.07",-,-0.55%
2021년 03월 23일,"3,910.52","3,937.60","3,949.13","3,901.57",-,-0.76%
2021년 03월 22일,"3,940.59","3,916.48","3,955.31","3,914.16",-,0.70%
2021년 03월 19일,"3,913.10","3,913.14","3,930.12","3,886.75",-,-0.06%
2021년 03월 18일,"3,915.46","3,953.50","3,969.62","3,910.86",-,-1.48%
2021년 03월 17일,"3,974.12","3,949.57","3,983.87","3,935.74",-,0.29%
2021년 03월 16일,"3,962.71","3,973.59","3,981.04","3,953.44",-,-0.16%
2021년 03월 15일,"3,968.94","3,942.96","3,970.08","3,923.54",-,0.65%
2021년 03월 12일,"3,943.34","3,924.52","3,944.99","3,915.21",-,0.10%
2021년 03월 11일,"3,939.34","3,915.54","3,960.27","3,915.54",-,1.04%
2021년 03월 10일,"3,898.81","3,891.99","3,917.35","3,885.73",-,0.60%
2021년 03월 09일,"3,875.44","3,851.93","3,903.76","3,851.93",-,1.42%
2021년 03월 08일,"3,821.35","3,844.39","3,881.06","3,819.25",-,-0.54%
2021년 03월 05일,"3,841.94","3,793.58","3,851.69","3,730.19",-,1.95%
2021년 03월 04일,"3,768.47","3,818.53","3,843.67","3,723.34",-,-1.34%
2021년 03월 03일,"3,819.72","3,863.99","3,874.47","3,818.86",-,-1.31%
2021년 03월 02일,"3,870.29","3,903.64","3,906.41","3,868.57",-,-0.81%
2021년 03월 01일,"3,901.82","3,842.51","3,914.50","3,842.51",-,2.38%
2021년 02월 26일,"3,811.15","3,839.66","3,861.08","3,789.54",-,-0.48%
2021년 02월 25일,"3,829.34","3,915.80","3,925.02","3,814.04",-,-2.45%
2021년 02월 24일,"3,925.43","3,873.71","3,928.65","3,859.60",-,1.14%
2021년 02월 23일,"3,881.37","3,857.07","3,895.98","3,805.59",-,0.13%
2021년 02월 22일,"3,876.50","3,885.55","3,902.92","3,874.71",-,-0.77%
2021년 02월 19일,"3,906.71","3,921.16","3,930.41","3,903.07",-,-0.19%
2021년 02월 18일,"3,913.97","3,915.86","3,921.98","3,885.03",-,-0.44%
2021년 02월 17일,"3,931.33","3,918.50","3,933.61","3,900.43",-,-0.03%
2021년 02월 16일,"3,932.59","3,939.61","3,950.43","3,923.85",-,-0.06%
2021년 02월 12일,"3,934.83","3,911.65","3,937.23","3,905.78",-,0.47%
2021년 02월 11일,"3,916.38","3,916.40","3,925.99","3,890.39",-,0.17%
2021년 02월 10일,"3,909.88","3,920.78","3,931.50","3,884.94",-,-0.03%
2021년 02월 09일,"3,911.23","3,910.49","3,918.35","3,902.64",-,-0.11%
2021년 02월 08일,"3,915.59","3,892.59","3,915.77","3,892.59",-,0.74%
2021년 02월 05일,"3,886.83","3,878.30","3,894.56","3,874.93",-,0.39%
2021년 02월 04일,"3,871.74","3,836.66","3,872.42","3,836.66",-,1.09%
2021년 02월 03일,"3,830.17","3,840.27","3,847.51","3,816.68",-,0.10%
2021년 02월 02일,"3,826.31","3,791.84","3,843.09","3,791.84",-,1.39%
2021년 02월 01일,"3,773.86","3,731.17","3,784.32","3,725.62",-,1.61%
2021년 01월 29일,"3,714.24","3,778.05","3,778.05","3,694.12",-,-1.93%
2021년 01월 28일,"3,787.38","3,755.75","3,830.50","3,755.75",-,0.98%
2021년 01월 27일,"3,750.77","3,836.83","3,836.83","3,732.48",-,-2.57%
2021년 01월 26일,"3,849.62","3,862.96","3,870.90","3,847.78",-,-0.15%
2021년 01월 25일,"3,855.36","3,851.68","3,859.23","3,797.16",-,0.36%
2021년 01월 22일,"3,841.47","3,844.24","3,852.31","3,830.41",-,-0.30%
2021년 01월 21일,"3,853.07","3,857.46","3,861.45","3,845.05",-,0.03%
2021년 01월 20일,"3,851.85","3,816.22","3,859.75","3,816.22",-,1.39%
2021년 01월 19일,"3,798.91","3,781.88","3,804.53","3,780.37",-,0.81%
2021년 01월 15일,"3,768.25","3,788.73","3,788.73","3,749.62",-,-0.72%
2021년 01월 14일,"3,795.54","3,814.98","3,823.60","3,792.86",-,-0.38%
2021년 01월 13일,"3,809.84","3,802.23","3,820.96","3,791.50",-,0.23%
2021년 01월 12일,"3,801.19","3,801.62","3,810.78","3,776.51",-,0.04%
2021년 01월 11일,"3,799.61","3,803.14","3,817.86","3,789.02",-,-0.66%
2021년 01월 08일,"3,824.68","3,815.05","3,826.69","3,783.60",-,0.55%
2021년 01월 07일,"3,803.79","3,764.71","3,811.55","3,764.71",-,1.48%
2021년 01월 06일,"3,748.14","3,712.20","3,783.04","3,705.34",-,0.57%
2021년 01월 05일,"3,726.86","3,698.02","3,737.83","3,695.07",-,0.71%
2021년 01월 04일,"3,700.65","3,764.61","3,769.99","3,662.71",-,-1.48%
2020년 12월 31일,"3,756.07","3,733.27","3,760.20","3,726.88",-,0.64%
2020년 12월 30일,"3,732.04","3,736.19","3,744.63","3,730.21",-,0.13%
2020년 12월 29일,"3,727.04","3,750.01","3,756.12","3,723.31",-,-0.22%
2020년 12월 28일,"3,735.36","3,723.03","3,740.51","3,723.03",-,0.87%
2020년 12월 24일,"3,703.06","3,694.03","3,703.82","3,689.32",-,0.35%
2020년 12월 23일,"3,690.01","3,693.42","3,711.24","3,689.28",-,0.07%
2020년 12월 22일,"3,687.26","3,698.08","3,698.26","3,676.16",-,-0.21%
2020년 12월 21일,"3,694.92","3,684.28","3,702.90","3,636.48",-,-0.39%
2020년 12월 18일,"3,709.41","3,722.39","3,726.70","3,685.84",-,-0.35%
2020년 12월 17일,"3,722.48","3,713.65","3,725.12","3,710.87",-,0.58%
2020년 12월 16일,"3,701.17","3,696.25","3,711.27","3,688.57",-,0.18%
2020년 12월 15일,"3,694.62","3,666.41","3,695.29","3,659.62",-,1.29%
2020년 12월 14일,"3,647.49","3,675.27","3,697.61","3,645.84",-,-0.44%
2020년 12월 11일,"3,663.46","3,656.08","3,665.91","3,633.40",-,-0.13%
2020년 12월 10일,"3,668.10","3,659.13","3,678.49","3,645.18",-,-0.13%
2020년 12월 09일,"3,672.82","3,705.98","3,712.39","3,660.54",-,-0.79%
2020년 12월 08일,"3,702.25","3,683.05","3,708.45","3,678.83",-,0.28%
2020년 12월 07일,"3,691.96","3,694.73","3,697.41","3,678.88",-,-0.19%
2020년 12월 04일,"3,699.12","3,670.94","3,699.20","3,670.94",-,0.88%
2020년 12월 03일,"3,666.72","3,668.28","3,682.73","3,657.17",-,-0.06%
2020년 12월 02일,"3,669.01","3,653.78","3,670.96","3,644.84",-,0.18%
2020년 12월 01일,"3,662.45","3,645.87","3,678.45","3,645.87",-,1.13%
2020년 11월 30일,"3,621.63","3,634.18","3,634.18","3,594.39",-,-0.46%
2020년 11월 27일,"3,638.35","3,638.55","3,644.31","3,629.33",-,0.24%
2020년 11월 25일,"3,629.65","3,635.50","3,635.50","3,617.76",-,-0.16%
2020년 11월 24일,"3,635.41","3,594.52","3,642.31","3,594.52",-,1.62%
2020년 11월 23일,"3,577.59","3,566.82","3,589.81","3,552.77",-,0.56%
2020년 11월 20일,"3,557.54","3,579.31","3,581.23","3,556.85",-,-0.68%
2020년 11월 19일,"3,581.87","3,559.41","3,585.22","3,543.84",-,0.39%
2020년 11월 18일,"3,567.79","3,612.09","3,619.09","3,567.33",-,-1.16%
2020년 11월 17일,"3,609.53","3,610.31","3,623.11","3,588.68",-,-0.48%
2020년 11월 16일,"3,626.91","3,600.16","3,628.51","3,600.16",-,1.16%
2020년 11월 13일,"3,585.15","3,552.57","3,593.66","3,552.57",-,1.36%
2020년 11월 12일,"3,537.01","3,562.67","3,569.02","3,518.58",-,-1.00%
2020년 11월 11일,"3,572.66","3,563.22","3,581.16","3,557.00",-,0.77%
2020년 11월 10일,"3,545.53","3,543.26","3,557.22","3,511.91",-,-0.14%
2020년 11월 09일,"3,550.50","3,583.04","3,645.99","3,547.48",-,1.17%
2020년 11월 06일,"3,509.44","3,508.34","3,521.58","3,484.34",-,-0.03%
2020년 11월 05일,"3,510.45","3,485.74","3,529.05","3,485.74",-,1.95%
2020년 11월 04일,"3,443.44","3,406.46","3,486.25","3,405.17",-,2.20%
2020년 11월 03일,"3,369.16","3,336.25","3,389.49","3,336.25",-,1.78%
2020년 11월 02일,"3,310.24","3,296.20","3,330.14","3,279.74",-,1.23%
2020년 10월 30일,"3,269.96","3,293.59","3,304.93","3,233.94",-,-1.21%
2020년 10월 29일,"3,310.11","3,277.17","3,341.05","3,259.82",-,1.19%
2020년 10월 28일,"3,271.03","3,342.48","3,342.48","3,268.89",-,-3.53%
2020년 10월 27일,"3,390.68","3,403.15","3,409.51","3,388.71",-,-0.30%
2020년 10월 26일,"3,400.97","3,441.42","3,441.42","3,364.86",-,-1.86%
2020년 10월 23일,"3,465.39","3,464.90","3,466.46","3,440.45",-,0.34%
2020년 10월 22일,"3,453.49","3,438.50","3,460.53","3,415.34",-,0.52%
2020년 10월 21일,"3,435.56","3,439.91","3,464.86","3,433.06",-,-0.22%
2020년 10월 20일,"3,443.12","3,439.38","3,476.93","3,435.65",-,0.47%
2020년 10월 19일,"3,426.92","3,493.66","3,502.42","3,419.93",-,-1.63%
2020년 10월 16일,"3,483.81","3,493.50","3,515.76","3,480.45",-,0.01%
2020년 10월 15일,"3,483.34","3,453.72","3,489.08","3,440.89",-,-0.15%
2020년 10월 14일,"3,488.67","3,515.47","3,527.94","3,480.55",-,-0.66%
2020년 10월 13일,"3,511.93","3,534.01","3,534.01","3,500.86",-,-0.63%
2020년 10월 12일,"3,534.22","3,500.02","3,549.85","3,499.61",-,1.64%
2020년 10월 09일,"3,477.13","3,459.67","3,482.34","3,458.07",-,0.88%
2020년 10월 08일,"3,446.83","3,434.28","3,447.28","3,428.15",-,0.80%
2020년 10월 07일,"3,419.45","3,384.56","3,426.26","3,384.56",-,1.74%
2020년 10월 06일,"3,360.95","3,408.74","3,431.56","3,354.54",-,-1.40%
2020년 10월 05일,"3,408.63","3,367.27","3,409.57","3,367.27",-,1.80%
2020년 10월 02일,"3,348.44","3,338.94","3,369.10","3,323.69",-,-0.96%
2020년 10월 01일,"3,380.80","3,385.87","3,397.18","3,361.39",-,0.53%
2020년 09월 30일,"3,363.00","3,341.21","3,393.56","3,340.47",-,0.83%
2020년 09월 29일,"3,335.47","3,350.92","3,357.92","3,327.54",-,-0.48%
2020년 09월 28일,"3,351.60","3,333.90","3,360.74","3,332.91",-,1.61%
2020년 09월 25일,"3,298.46","3,236.66","3,306.88","3,228.44",-,1.60%
2020년 09월 24일,"3,246.59","3,226.14","3,278.70","3,209.45",-,0.30%
2020년 09월 23일,"3,236.92","3,320.11","3,323.35","3,232.57",-,-2.37%
2020년 09월 22일,"3,315.57","3,295.75","3,320.31","3,270.95",-,1.05%
2020년 09월 21일,"3,281.06","3,285.57","3,285.57","3,229.10",-,-1.16%
2020년 09월 18일,"3,319.47","3,357.38","3,362.27","3,292.40",-,-1.12%
2020년 09월 17일,"3,357.01","3,346.86","3,375.17","3,328.82",-,-0.84%
2020년 09월 16일,"3,385.49","3,411.23","3,428.92","3,384.45",-,-0.46%
2020년 09월 15일,"3,401.20","3,407.73","3,419.48","3,389.25",-,0.52%
2020년 09월 14일,"3,383.54","3,363.56","3,402.93","3,363.56",-,1.27%
2020년 09월 11일,"3,340.97","3,352.70","3,368.95","3,310.47",-,0.05%
2020년 09월 10일,"3,339.19","3,412.56","3,425.55","3,329.25",-,-1.76%
2020년 09월 09일,"3,398.96","3,369.82","3,424.77","3,366.84",-,2.01%
2020년 09월 08일,"3,331.84","3,371.88","3,379.97","3,329.27",-,-2.78%
2020년 09월 04일,"3,426.96","3,453.60","3,479.15","3,349.63",-,-0.81%
2020년 09월 03일,"3,455.06","3,564.74","3,564.85","3,427.41",-,-3.51%
2020년 09월 02일,"3,580.84","3,543.76","3,588.11","3,535.23",-,1.54%
2020년 09월 01일,"3,526.65","3,507.44","3,528.03","3,494.60",-,0.75%
2020년 08월 31일,"3,500.31","3,509.73","3,514.77","3,493.25",-,-0.22%
2020년 08월 28일,"3,508.01","3,494.69","3,509.23","3,484.32",-,0.67%
2020년 08월 27일,"3,484.55","3,485.14","3,501.38","3,468.35",-,0.17%
2020년 08월 26일,"3,478.73","3,449.97","3,481.07","3,444.15",-,1.02%
2020년 08월 25일,"3,443.62","3,435.95","3,444.21","3,425.84",-,0.36%
2020년 08월 24일,"3,431.28","3,418.09","3,432.09","3,413.13",-,1.00%
2020년 08월 21일,"3,397.16","3,386.01","3,399.96","3,379.31",-,0.34%
2020년 08월 20일,"3,385.51","3,360.48","3,390.80","3,354.69",-,0.32%
2020년 08월 19일,"3,374.85","3,392.51","3,399.54","3,369.66",-,-0.44%
2020년 08월 18일,"3,389.78","3,387.04","3,395.06","3,370.15",-,0.23%
2020년 08월 17일,"3,381.99","3,380.86","3,387.59","3,379.22",-,0.27%
2020년 08월 14일,"3,372.85","3,368.66","3,378.51","3,361.64",-,-0.02%
2020년 08월 13일,"3,373.43","3,372.95","3,387.24","3,363.35",-,-0.20%
2020년 08월 12일,"3,380.35","3,355.46","3,387.89","3,355.46",-,1.40%
2020년 08월 11일,"3,333.69","3,370.34","3,381.01","3,326.44",-,-0.80%
2020년 08월 10일,"3,360.47","3,356.04","3,363.29","3,335.44",-,0.27%
2020년 08월 07일,"3,351.28","3,340.05","3,352.54","3,328.72",-,0.06%
2020년 08월 06일,"3,349.16","3,323.17","3,351.03","3,318.14",-,0.64%
2020년 08월 05일,"3,327.77","3,317.37","3,330.77","3,317.37",-,0.64%
2020년 08월 04일,"3,306.51","3,289.92","3,306.84","3,286.37",-,0.36%
2020년 08월 03일,"3,294.61","3,288.26","3,302.73","3,284.53",-,0.72%
2020년 07월 31일,"3,271.12","3,270.45","3,272.17","3,220.26",-,0.77%
2020년 07월 30일,"3,246.22","3,231.76","3,250.92","3,204.13",-,-0.38%
2020년 07월 29일,"3,258.44","3,227.22","3,264.74","3,227.22",-,1.24%
2020년 07월 28일,"3,218.44","3,234.27","3,243.72","3,216.17",-,-0.65%
2020년 07월 27일,"3,239.41","3,219.84","3,241.43","3,214.25",-,0.74%
2020년 07월 24일,"3,215.63","3,218.58","3,227.26","3,200.05",-,-0.62%
2020년 07월 23일,"3,235.66","3,271.64","3,279.99","3,222.66",-,-1.23%
2020년 07월 22일,"3,276.02","3,254.86","3,279.32","3,253.10",-,0.57%
2020년 07월 21일,"3,257.30","3,268.52","3,277.29","3,247.77",-,0.17%
2020년 07월 20일,"3,251.84","3,224.29","3,258.61","3,215.16",-,0.84%
2020년 07월 17일,"3,224.73","3,224.21","3,233.52","3,205.65",-,0.28%
2020년 07월 16일,"3,215.57","3,208.36","3,220.39","3,198.59",-,-0.34%
2020년 07월 15일,"3,226.56","3,225.98","3,238.28","3,200.76",-,0.91%
2020년 07월 14일,"3,197.52","3,141.11","3,200.95","3,127.66",-,1.34%
2020년 07월 13일,"3,155.22","3,205.08","3,235.32","3,149.43",-,-0.94%
2020년 07월 10일,"3,185.04","3,152.47","3,186.82","3,136.22",-,1.05%
2020년 07월 09일,"3,152.05","3,176.17","3,179.78","3,115.70",-,-0.56%
2020년 07월 08일,"3,169.94","3,153.07","3,171.80","3,136.53",-,0.78%
2020년 07월 07일,"3,145.32","3,166.44","3,184.15","3,142.93",-,-1.08%
2020년 07월 06일,"3,179.72","3,155.29","3,182.59","3,155.29",-,1.59%
2020년 07월 02일,"3,130.01","3,143.64","3,165.81","3,124.52",-,0.45%
2020년 07월 01일,"3,115.86","3,105.92","3,128.44","3,101.17",-,0.50%
2020년 06월 30일,"3,100.29","3,050.20","3,111.51","3,047.83",-,1.54%
2020년 06월 29일,"3,053.24","3,018.59","3,053.89","2,999.74",-,1.47%
2020년 06월 26일,"3,009.05","3,073.20","3,073.73","3,004.63",-,-2.42%
2020년 06월 25일,"3,083.76","3,046.60","3,086.25","3,024.01",-,1.10%
2020년 06월 24일,"3,050.33","3,114.40","3,115.01","3,032.13",-,-2.59%
2020년 06월 23일,"3,131.29","3,138.70","3,154.90","3,127.12",-,0.43%
2020년 06월 22일,"3,117.86","3,094.42","3,120.92","3,079.39",-,0.65%
2020년 06월 19일,"3,097.74","3,140.29","3,155.53","3,083.11",-,-0.56%
2020년 06월 18일,"3,115.34","3,101.64","3,120.00","3,093.51",-,0.06%
2020년 06월 17일,"3,113.49","3,136.13","3,141.16","3,108.03",-,-0.36%
2020년 06월 16일,"3,124.74","3,131.00","3,153.45","3,076.06",-,1.90%
2020년 06월 15일,"3,066.59","2,993.76","3,079.76","2,965.66",-,0.83%
2020년 06월 12일,"3,041.31","3,071.04","3,088.42","2,984.47",-,1.31%
2020년 06월 11일,"3,002.10","3,123.53","3,123.53","2,999.49",-,-5.89%
2020년 06월 10일,"3,190.14","3,213.42","3,223.27","3,181.49",-,-0.53%
2020년 06월 09일,"3,207.18","3,213.32","3,222.71","3,193.11",-,-0.78%
2020년 06월 08일,"3,232.39","3,199.92","3,233.13","3,196.00",-,1.20%
2020년 06월 05일,"3,193.93","3,163.84","3,211.72","3,163.84",-,2.62%
2020년 06월 04일,"3,112.35","3,111.56","3,128.91","3,090.41",-,-0.34%
2020년 06월 03일,"3,122.87","3,098.90","3,130.94","3,098.90",-,1.36%
2020년 06월 02일,"3,080.82","3,064.78","3,081.07","3,051.64",-,0.82%
2020년 06월 01일,"3,055.73","3,038.78","3,062.18","3,031.54",-,0.38%
2020년 05월 29일,"3,044.31","3,025.17","3,049.17","2,998.61",-,0.48%
2020년 05월 28일,"3,029.73","3,046.61","3,068.67","3,023.40",-,-0.21%
2020년 05월 27일,"3,036.13","3,015.65","3,036.25","2,969.75",-,1.48%
2020년 05월 26일,"2,991.77","3,004.08","3,021.72","2,988.17",-,1.23%
2020년 05월 22일,"2,955.45","2,948.05","2,956.76","2,933.59",-,0.24%
2020년 05월 21일,"2,948.51","2,969.95","2,978.50","2,938.57",-,-0.78%
2020년 05월 20일,"2,971.61","2,953.63","2,980.29","2,953.63",-,1.67%
2020년 05월 19일,"2,922.94","2,948.59","2,964.21","2,922.35",-,-1.05%
2020년 05월 18일,"2,953.91","2,913.86","2,968.09","2,913.86",-,3.15%
2020년 05월 15일,"2,863.70","2,829.95","2,865.01","2,816.78",-,0.39%
2020년 05월 14일,"2,852.50","2,794.54","2,852.80","2,766.64",-,1.15%
2020년 05월 13일,"2,820.00","2,865.86","2,874.14","2,793.15",-,-1.75%
2020년 05월 12일,"2,870.12","2,939.50","2,945.82","2,869.59",-,-2.05%
2020년 05월 11일,"2,930.32","2,915.46","2,944.25","2,903.44",-,0.02%
2020년 05월 08일,"2,929.80","2,908.83","2,932.16","2,902.88",-,1.69%
2020년 05월 07일,"2,881.19","2,878.26","2,901.92","2,876.48",-,1.15%
2020년 05월 06일,"2,848.42","2,883.14","2,891.11","2,847.65",-,-0.70%
2020년 05월 05일,"2,868.44","2,868.88","2,898.23","2,863.55",-,0.90%
2020년 05월 04일,"2,842.74","2,815.01","2,844.24","2,797.85",-,0.42%
2020년 05월 01일,"2,830.71","2,869.09","2,869.09","2,821.61",-,-2.81%
2020년 04월 30일,"2,912.43","2,930.91","2,930.91","2,892.47",-,-0.92%
2020년 04월 29일,"2,939.51","2,918.46","2,954.86","2,912.16",-,2.66%
2020년 04월 28일,"2,863.39","2,909.96","2,921.15","2,860.71",-,-0.52%
2020년 04월 27일,"2,878.48","2,854.65","2,887.72","2,852.89",-,1.47%
2020년 04월 24일,"2,836.74","2,812.64","2,842.71","2,791.76",-,1.39%
2020년 04월 23일,"2,797.80","2,810.42","2,844.90","2,794.26",-,-0.05%
2020년 04월 22일,"2,799.31","2,787.89","2,815.10","2,775.95",-,2.29%
2020년 04월 21일,"2,736.56","2,784.81","2,785.54","2,727.10",-,-3.07%
2020년 04월 20일,"2,823.16","2,845.62","2,868.98","2,820.43",-,-1.79%
2020년 04월 17일,"2,874.56","2,842.43","2,879.22","2,830.88",-,2.68%
2020년 04월 16일,"2,799.55","2,799.34","2,806.51","2,764.32",-,0.58%
2020년 04월 15일,"2,783.36","2,795.64","2,801.88","2,761.54",-,-2.20%
2020년 04월 14일,"2,846.06","2,805.10","2,851.85","2,805.10",-,3.06%
2020년 04월 13일,"2,761.63","2,782.46","2,782.46","2,721.17",-,-1.01%
2020년 04월 09일,"2,789.82","2,776.99","2,818.57","2,762.36",-,1.45%
2020년 04월 08일,"2,749.98","2,685.00","2,760.75","2,663.30",-,3.41%
2020년 04월 07일,"2,659.41","2,738.65","2,756.89","2,657.67",-,-0.16%
2020년 04월 06일,"2,663.68","2,578.28","2,676.85","2,574.57",-,7.03%
2020년 04월 03일,"2,488.65","2,514.92","2,538.18","2,459.96",-,-1.51%
2020년 04월 02일,"2,526.90","2,458.54","2,533.22","2,455.79",-,2.28%
2020년 04월 01일,"2,470.50","2,498.08","2,522.75","2,447.49",-,-4.41%
2020년 03월 31일,"2,584.59","2,614.69","2,641.39","2,571.15",-,-1.60%
2020년 03월 30일,"2,626.65","2,558.98","2,631.80","2,545.28",-,3.35%
2020년 03월 27일,"2,541.47","2,555.87","2,615.91","2,520.02",-,-3.37%
2020년 03월 26일,"2,630.07","2,501.29","2,637.01","2,500.72",-,6.24%
2020년 03월 25일,"2,475.56","2,457.77","2,571.42","2,407.53",-,1.15%
2020년 03월 24일,"2,447.33","2,344.44","2,449.71","2,344.44",-,9.38%
2020년 03월 23일,"2,237.40","2,290.71","2,300.73","2,191.86",-,-2.93%
2020년 03월 20일,"2,304.92","2,431.94","2,453.01","2,295.56",-,-4.34%
2020년 03월 19일,"2,409.39","2,393.48","2,466.97","2,319.78",-,0.47%
2020년 03월 18일,"2,398.10","2,436.50","2,453.57","2,280.52",-,-5.18%
2020년 03월 17일,"2,529.19","2,425.66","2,553.93","2,367.04",-,6.00%
2020년 03월 16일,"2,386.13","2,508.59","2,562.98","2,380.94",-,-11.98%
2020년 03월 13일,"2,711.02","2,569.99","2,711.33","2,492.37",-,9.29%
2020년 03월 12일,"2,480.64","2,630.86","2,660.95","2,478.86",-,-9.51%
2020년 03월 11일,"2,741.38","2,825.60","2,825.60","2,707.22",-,-4.89%
2020년 03월 10일,"2,882.23","2,813.48","2,882.59","2,734.00",-,4.94%
2020년 03월 09일,"2,746.56","2,863.89","2,863.89","2,734.43",-,-7.60%
2020년 03월 06일,"2,972.37","2,954.20","2,985.93","2,901.54",-,-1.71%
2020년 03월 05일,"3,023.94","3,075.70","3,083.04","2,999.83",-,-3.39%
2020년 03월 04일,"3,130.12","3,045.75","3,130.97","3,034.38",-,4.22%
2020년 03월 03일,"3,003.37","3,096.46","3,136.72","2,976.63",-,-2.81%
2020년 03월 02일,"3,090.23","2,974.28","3,090.96","2,945.19",-,4.60%
2020년 02월 28일,"2,954.22","2,916.90","2,959.72","2,855.84",-,-0.82%
2020년 02월 27일,"2,978.76","3,062.54","3,097.07","2,977.39",-,-4.42%
2020년 02월 26일,"3,116.39","3,139.90","3,182.51","3,108.99",-,-0.38%
2020년 02월 25일,"3,128.21","3,238.94","3,246.99","3,118.77",-,-3.03%
2020년 02월 24일,"3,225.89","3,257.61","3,259.81","3,214.65",-,-3.35%
2020년 02월 21일,"3,337.75","3,360.50","3,360.76","3,328.45",-,-1.05%
2020년 02월 20일,"3,373.23","3,380.45","3,389.15","3,341.02",-,-0.38%
2020년 02월 19일,"3,386.15","3,380.39","3,393.52","3,378.83",-,0.47%
2020년 02월 18일,"3,370.29","3,369.04","3,375.01","3,355.61",-,-0.29%
2020년 02월 14일,"3,380.16","3,378.08","3,380.69","3,366.15",-,0.18%
2020년 02월 13일,"3,373.94","3,365.90","3,385.09","3,360.52",-,-0.16%
2020년 02월 12일,"3,379.45","3,370.50","3,381.47","3,369.72",-,0.65%
2020년 02월 11일,"3,357.75","3,365.87","3,375.63","3,352.72",-,0.17%
2020년 02월 10일,"3,352.09","3,318.28","3,352.26","3,317.77",-,0.73%
2020년 02월 07일,"3,327.71","3,335.54","3,341.42","3,322.12",-,-0.54%
2020년 02월 06일,"3,345.78","3,344.92","3,347.96","3,334.39",-,0.33%
2020년 02월 05일,"3,334.69","3,324.91","3,337.58","3,313.75",-,1.13%
2020년 02월 04일,"3,297.59","3,280.61","3,306.92","3,280.61",-,1.50%
2020년 02월 03일,"3,248.92","3,235.66","3,268.44","3,235.66",-,0.73%
2020년 01월 31일,"3,225.52","3,282.33","3,282.33","3,214.68",-,-1.77%
2020년 01월 30일,"3,283.66","3,256.45","3,285.91","3,242.80",-,0.31%
2020년 01월 29일,"3,273.40","3,289.46","3,293.47","3,271.89",-,-0.09%
2020년 01월 28일,"3,276.24","3,255.35","3,285.78","3,253.22",-,1.01%
2020년 01월 27일,"3,243.63","3,247.16","3,258.85","3,234.50",-,-1.57%
2020년 01월 24일,"3,295.47","3,333.10","3,333.18","3,281.53",-,-0.90%
2020년 01월 23일,"3,325.54","3,315.77","3,326.88","3,301.87",-,0.11%
2020년 01월 22일,"3,321.75","3,330.02","3,337.77","3,320.04",-,0.03%
2020년 01월 21일,"3,320.79","3,321.03","3,329.79","3,316.61",-,-0.27%
2020년 01월 17일,"3,329.62","3,323.66","3,329.88","3,318.86",-,0.39%
2020년 01월 16일,"3,316.81","3,302.97","3,317.11","3,302.82",-,0.84%
2020년 01월 15일,"3,289.29","3,282.27","3,298.66","3,280.69",-,0.19%
2020년 01월 14일,"3,283.15","3,285.35","3,294.25","3,277.19",-,-0.15%
2020년 01월 13일,"3,288.13","3,271.13","3,288.13","3,268.43",-,0.70%
2020년 01월 10일,"3,265.35","3,281.81","3,282.99","3,260.86",-,-0.29%
2020년 01월 09일,"3,274.70","3,266.03","3,275.58","3,263.67",-,0.67%
2020년 01월 08일,"3,253.05","3,238.59","3,267.07","3,236.67",-,0.49%
2020년 01월 07일,"3,237.18","3,241.86","3,244.91","3,232.43",-,-0.28%
2020년 01월 06일,"3,246.28","3,217.55","3,246.84","3,214.64",-,0.35%
2020년 01월 03일,"3,234.85","3,226.36","3,246.15","3,222.34",-,-0.71%
2020년 01월 02일,"3,257.85","3,244.67","3,258.14","3,235.53",-,0.84%
2019년 12월 31일,"3,230.78","3,215.18","3,231.72","3,212.03",-,0.29%
2019년 12월 30일,"3,221.29","3,240.09","3,240.92","3,216.57",-,-0.58%
2019년 12월 27일,"3,240.02","3,247.23","3,247.93","3,234.37",-,0.00%
2019년 12월 26일,"3,239.91","3,227.20","3,240.08","3,227.20",-,0.51%
2019년 12월 24일,"3,223.38","3,225.45","3,226.43","3,220.51",-,-0.02%
2019년 12월 23일,"3,224.01","3,226.05","3,227.78","3,222.30",-,0.09%
2019년 12월 20일,"3,221.22","3,223.33","3,225.65","3,216.03",-,0.49%
2019년 12월 19일,"3,205.37","3,192.32","3,205.48","3,192.32",-,0.45%
2019년 12월 18일,"3,191.14","3,195.21","3,198.48","3,191.14",-,-0.04%
2019년 12월 17일,"3,192.52","3,195.40","3,198.22","3,191.03",-,0.03%
2019년 12월 16일,"3,191.45","3,183.63","3,197.71","3,183.63",-,0.71%
2019년 12월 13일,"3,168.80","3,166.65","3,182.68","3,156.51",-,0.01%
2019년 12월 12일,"3,168.57","3,141.23","3,176.28","3,138.47",-,0.86%
2019년 12월 11일,"3,141.63","3,135.75","3,143.98","3,133.21",-,0.29%
2019년 12월 10일,"3,132.52","3,135.36","3,142.12","3,126.09",-,-0.11%
2019년 12월 09일,"3,135.96","3,141.86","3,148.87","3,135.46",-,-0.32%
2019년 12월 06일,"3,145.91","3,134.62","3,150.60","3,134.62",-,0.91%
2019년 12월 05일,"3,117.43","3,119.21","3,119.45","3,103.76",-,0.15%
2019년 12월 04일,"3,112.76","3,103.50","3,119.38","3,102.53",-,0.63%
2019년 12월 03일,"3,093.20","3,087.41","3,094.97","3,070.33",-,-0.66%
2019년 12월 02일,"3,113.87","3,143.85","3,144.31","3,110.78",-,-0.86%
2019년 11월 29일,"3,140.98","3,147.18","3,150.30","3,139.34",-,-0.40%
2019년 11월 27일,"3,153.63","3,145.49","3,154.26","3,143.41",-,0.42%
2019년 11월 26일,"3,140.52","3,134.85","3,142.69","3,131.00",-,0.22%
2019년 11월 25일,"3,133.64","3,117.44","3,133.83","3,117.44",-,0.75%
2019년 11월 22일,"3,110.29","3,111.41","3,112.87","3,099.26",-,0.22%
2019년 11월 21일,"3,103.54","3,108.49","3,110.11","3,094.55",-,-0.16%
2019년 11월 20일,"3,108.46","3,114.66","3,118.97","3,091.41",-,-0.38%
2019년 11월 19일,"3,120.18","3,127.45","3,127.64","3,113.47",-,-0.06%
2019년 11월 18일,"3,122.03","3,117.91","3,124.17","3,112.06",-,0.05%
2019년 11월 15일,"3,120.46","3,107.92","3,120.46","3,104.60",-,0.77%
,,,,,,
